size,s_time,p_time,speedup
240,1649647547,512480648,3.218946
360,2607456464,881042076,2.959514
480,4317556292,1345582846,3.208689
