size,s_time,p_time,speedup
240,354904578,111251738,3.190104
360,664837107,205647165,3.232902
480,1252024264,376659943,3.324018
