size,s_time,p_time,speedup
240,1611810017,520746652,3.095190
360,5378040099,2027786955,2.652172
480,7393006638,2700643924,2.737498
